Description,Trail Mile,Trip Mile,Total Days,Miles From Last
Springer Mtn,0.0,0.0,0.0,0.0
Springer Mountain Shelter,0.2,0.2,0.0,0.2
USFS 42 TH,1.0,1.0,0.1,0.8
Stover Creek Shelter,2.6,2.6,0.2,1.6
Three Forks TH,4.3,4.3,0.4,1.8
Hawk Mountain Shelter,8.1,8.1,0.7,3.8
USFS 42 (Hightower Gap) TH,8.6,8.6,0.8,0.5
Horse Gap TH,10.5,10.5,0.9,1.9
Cooper Gap (pull-off 2) TH,12.2,12.2,1.1,1.7
Cooper Gap (pull-off 1) TH,12.2,12.2,1.1,0.0
Gooch Mountain Shelter,15.7,15.7,1.4,3.5
Gooch Gap Shelter,17.1,17.1,1.5,1.5
USFS 42 (Gooch Gap) TH,17.2,17.2,1.5,0.1
Suches  GA 30572/SR 60/Woody Gap TH,21.1,21.1,1.8,3.8
Woods Hole Shelter,28.0,28.0,2.5,7.0
Blood Mountain Shelter,29.7,29.7,2.6,1.7
Reese State Memorial TH,31.8,31.7,2.8,2.1
SR 11,32.1,32.1,2.8,0.4
Walasi-yi Center Shelter,32.2,32.2,2.8,0.0
US 129 &amp; US 19 (Neels Gap) TH,32.2,32.2,2.8,-0.0
Tesnatee Gap TH,38.0,38.0,3.3,5.9
SR 348,38.9,38.9,3.4,0.9
GA 348 TH,39.0,39.0,3.4,0.1
Low Gap Shelter,43.7,43.7,3.8,4.7
Blue Mountain Shelter,51.0,51.0,4.5,7.4
Helen  GA 30545/Hiawassee  GA 30546/SR 75,53.3,53.2,4.7,2.2
USFS 283 (Indian Grave Gap) TH,55.8,55.8,5.4,2.6
USFS 79 (Tray Gap) TH,57.6,57.6,5.6,1.8
Tray Mountain Shelter,58.9,58.9,5.7,1.3
Deep Gap Shelter,66.2,66.2,6.4,7.3
Dicks Creek Gap TH,69.8,69.8,6.8,3.6
Plumorchard Gap Shelter,74.5,74.5,7.3,4.6
Blue Ridge Gap TH,75.7,75.7,7.4,1.2
Muskrat Creek Shelter,81.8,81.7,8.0,6.0
Deep Gap TH,85.7,85.7,8.4,4.0
Standing Indian Shelter,86.7,86.7,8.5,0.9
Carter Gap (old shelter),94.4,94.4,9.2,7.7
Carter Gap Shelter,94.4,94.4,9.2,0.1
Albert Mountain TH,100.7,100.7,9.8,6.2
Big Spring Gap Shelter,101.2,101.2,9.9,0.5
Rock Gap Shelter,106.6,106.6,10.4,5.4
USFS 67 (Rock Gap) TH,106.8,106.8,10.4,0.2
Wallace Gap TH,107.4,107.4,10.5,0.6
SR 1448,107.4,107.4,10.5,0.0
Winding Stair Gap TH,110.5,110.5,10.8,3.1
Franklin  NC 28734/Winding Stair Gap TH/US Hwy 64,110.6,110.6,10.8,0.1
Siler Bald Shelter,114.6,114.6,11.9,4.1
Wayah Crest TH,116.5,116.5,12.1,1.9
SR 1310,116.6,116.6,12.1,0.1
No Official Name Or Unknown TH,117.9,117.9,12.2,1.3
Wayah Bald parking area TH,120.6,120.6,12.4,2.7
Wayah Bald Shelter,121.7,121.7,12.5,1.1
Burningtown Gap TH,125.5,125.5,12.8,3.8
Cold Spring Shelter,126.7,126.7,12.9,1.2
Tellico Gap TH,130.4,130.4,13.2,3.7
SR 1365,130.4,130.4,13.2,0.0
Wesser Bald Shelter,132.7,132.7,13.4,2.3
Rufus Morgan Shelter,137.6,137.6,13.9,4.9
SR 1103,138.4,138.4,13.9,0.8
US Hwy 74,138.4,138.4,13.9,0.0
Sasafras Gap Shelter,145.4,145.4,14.9,6.9
NC 143 (Stecoah Gap) TH,152.3,152.3,15.7,6.9
SR 143,152.3,152.3,15.7,0.0
Brown Fork Gap Shelter,154.6,154.6,15.9,2.3
Yellow Creek Gap TH,160.1,160.1,16.5,5.4
County Rd 1242,160.1,160.1,16.5,0.0
Cable Gap Shelter,160.9,160.9,16.6,0.9
SR 28,166.4,166.4,17.2,5.4
Fontana Dam  NC 28733/Fontana Village Marina TH,166.4,166.4,17.2,0.0
Fontana Dam Shelter,167.3,167.3,17.8,0.9
County Rd 1245,167.4,167.4,17.8,0.1
Fontana Dam Picnic Area TH,167.5,167.5,17.8,0.1
Fontana Dam Visitors Center TH,167.8,167.8,17.8,0.4
Fontana Dam North Trailhead TH,169.0,169.0,18.0,1.1
Mollies Ridge Shelter,179.0,179.0,19.0,10.0
Russell Field Shelter,182.2,182.2,19.4,3.2
Spence Field Shelter,185.0,185.0,19.6,2.8
Derrick Knob Shelter,191.3,191.3,20.3,6.2
Silers Bald Shelter,196.8,196.8,20.9,5.6
Double Spring Gap Shelter,198.6,198.5,21.1,1.7
Clingmans Dome TH,201.5,201.5,21.4,2.9
Mount Collins Shelter,205.0,205.0,21.7,3.5
Clingman's Dome Road (Indian Gap) TH,207.4,207.4,22.0,2.5
Gatlinburg  TN 37738/US Hwy 441/SR 71,209.1,209.1,22.2,1.7
US 441 (Newfound Gap) TH,209.2,209.2,22.2,0.0
Icewater Spring Shelter,212.2,212.2,22.5,3.0
Pecks Corner Shelter,219.5,219.5,23.3,7.3
Tri-corner Knob Shelter,224.9,224.9,23.8,5.5
Cosby Knob Shelter,232.7,232.7,24.6,7.8
Davenport Gap Shelter,239.8,239.8,25.4,7.1
SR 1397,240.8,240.8,25.5,1.0
I-40,242.5,242.5,25.7,1.7
I-40,242.5,242.5,25.7,0.0
Waterville School Road TH,242.6,242.6,25.7,0.1
Groundhog Creek Shelter,250.7,250.7,27.0,8.0
Brown Gap TH,253.3,253.3,27.3,2.7
State Road 1182 TH,256.1,256.1,27.5,2.8
SR 1182,256.1,256.1,27.5,0.0
NC 1182 (Max Patch) TH,256.2,256.2,27.5,0.1
Roaring Fork Shelter,258.7,258.7,27.8,2.5
Roaring Fork (old shelter location),261.7,261.7,28.1,3.0
Lemon Gap TH,262.2,262.2,28.2,0.6
Walnut Mountain Shelter,263.5,263.5,28.3,1.3
SR 1173,270.1,270.1,28.9,6.6
Garenflo Gap TH,270.1,270.1,28.9,0.0
Deer Park Shelter,273.5,273.5,29.3,3.4
Trail head parking in Hot Springs TH,276.5,276.5,29.6,3.0
Hot Springs  NC 28743,276.5,276.5,30.3,0.0
SR 209,276.6,276.6,30.4,0.1
US Hwy 70,282.8,282.8,30.9,6.1
Spring Mountain Shelter,287.9,287.9,31.4,5.1
SR 70,291.7,291.7,31.7,3.8
TN 70 (Allen Gap) TH,291.8,291.8,31.7,0.0
Little Laurel Shelter,296.6,296.6,32.2,4.8
Jerry's Cabin Shelter,303.3,303.3,32.8,6.7
Flint Mountain Shelter,309.1,309.1,33.3,5.8
Devil's Fork Gap TH,311.8,311.8,33.5,2.8
SR 212,311.9,311.8,33.5,0.0
Hog Back Ridge Shelter,318.6,318.6,34.1,6.7
SR 81,320.9,320.9,34.4,2.3
I-26,320.9,320.9,34.4,0.0
I-26,320.9,320.9,34.4,0.0
"I-26, US 23 (Sams Gap) TH",321.0,321.0,34.4,0.1
Street Gap TH,323.2,323.2,34.6,2.2
Bald Mountain Shelter,328.6,328.6,35.1,5.4
Spivey Gap TH,334.5,334.5,35.6,5.9
No Business Knob Shelter,339.4,339.4,36.0,4.9
Erwin  TN 37650,345.7,345.7,36.6,6.3
Curly Maple Gap Shelter,350.0,350.0,37.5,4.3
SR 197,354.2,354.2,37.9,4.2
TN 395 (Indian Grave Gap) TH,354.2,354.2,37.9,0.0
Cherry Gap Shelter,363.0,363.0,38.8,8.7
Iron Mountain Gap TH,366.0,366.0,39.1,3.0
SR 107,366.0,366.0,39.1,0.0
SR 1331,370.1,370.1,39.5,4.1
Clyde Smith Shelter,372.1,372.1,39.7,2.0
Cove Creek Road TH,375.2,375.2,40.0,3.1
Cloudlands TH,378.0,378.0,40.3,2.8
Roan High Knob Shelter,378.5,378.5,40.3,0.5
Carvers Gap TH,380.1,380.1,40.5,1.6
Carvers Gap Overflow TH,380.1,380.1,40.5,0.1
SR 261,380.1,380.1,40.5,0.0
Stan Murray Shelter,383.4,383.4,40.8,3.2
Overmountain Shelter,384.8,384.8,41.0,1.4
Apple House Shelter,393.3,393.3,41.8,8.5
US 19e TH,393.8,393.8,41.9,0.5
Roan Mountain  TN 37687/Elk Park  NC 28622/SR 37,393.8,393.8,41.9,0.0
Campbell Tract TH,397.4,397.4,42.7,3.6
Mountaineer Falls Shelter,402.4,402.4,43.0,5.0
Walnut Mountain Road TH,404.2,404.2,43.2,1.9
Bitter End Road TH,407.1,407.1,43.4,2.8
Moreland Gap Shelter,411.3,411.3,43.7,4.2
Dennis Cove Road TH,416.8,416.8,44.2,5.5
Laurel Fork Shelter,418.5,418.5,44.3,1.7
SR 67,425.2,425.1,44.8,6.7
Shook Branch Recreation Area TH,425.2,425.2,44.8,0.1
US 321 Cherokee National Forest TH,425.2,425.2,44.8,0.0
Hampton  TN 37658,425.4,425.4,44.9,0.1
Watauga Lake Shelter,426.8,426.8,45.4,1.4
Watauga Dam Road TH,429.3,429.3,45.6,2.5
Vandeventer Shelter,434.0,433.9,45.9,4.7
Iron Mountain Shelter,440.9,440.9,46.3,6.9
TN 91 TH,445.3,445.3,46.6,4.5
Shady Valley  TN 37688/TN 91/Cross Mountain TH,445.4,445.4,46.6,0.1
SR 91,445.5,445.4,46.6,0.0
Double Springs Shelter,448.5,448.5,46.8,3.0
US 421 TH,452.0,452.0,47.0,3.5
US Hwy 421,452.0,452.0,47.0,0.0
US 421 TH,452.0,452.0,47.0,0.0
McQueens Knob (Emergency Shelter),455.4,455.4,47.2,3.3
Abingdon Gap Shelter,456.8,456.8,47.3,1.4
The Place Shelter,466.9,466.9,48.0,10.2
Damascus  VA 24236,467.6,467.6,48.0,0.7
US Hwy 58,467.8,467.8,49.0,0.2
US 58 TH,472.4,472.4,49.3,4.6
Saunders Shelter,476.2,476.2,49.5,3.8
Whitetop Laurel Creek TH,481.1,481.1,49.8,4.8
County Rd 859,481.7,481.7,49.9,0.7
Lost Mountain Shelter,482.9,482.9,49.9,1.2
US Hwy 58,483.9,483.9,50.0,1.0
VA 601 TH,485.2,485.2,50.1,1.2
County Rd 601,485.2,485.2,50.1,0.0
USFS 89 (Whitetop Mountian Road) TH,488.7,488.7,50.3,3.5
Elk Garden TH,491.0,491.0,50.4,2.3
County Rd 600,491.0,491.0,50.4,0.0
Thomas Knob Shelter,495.2,495.2,50.7,4.2
Grayson Highlands State Park TH,498.2,498.2,50.9,3.0
Grayson Highlands State Park (Massie Gap) TH,498.2,498.2,50.9,0.0
Wise Shelter,500.3,500.3,51.0,2.1
Scales TH,503.3,503.3,51.2,3.0
Old Orchard Shelter,506.3,506.3,51.3,3.0
VA 603 (Fox Creek) TH,508.0,508.0,51.5,1.7
Troutdale  VA 24378/SR 603,508.0,508.0,51.5,0.0
VA 650 TH,516.4,516.4,52.0,8.4
County Rd 650,516.4,516.4,52.0,0.0
Raccoon Branch (old shelter),517.8,517.8,52.0,1.4
Trimpi Shelter,520.5,520.5,52.2,2.7
County Rd 672,521.7,521.7,52.3,1.2
Sugar Grove  VA 24375/VA 670 TH/County Rd 670,522.6,522.6,52.3,0.9
VA 601 TH,526.5,526.5,52.6,3.9
County Rd 601,526.5,526.5,52.6,0.0
Partnership Shelter,530.4,530.4,52.8,3.9
VA 16 (Mt Rogers Headquarters) TH,530.6,530.6,52.8,0.2
County Rd 622,531.3,531.3,52.9,0.7
USFS 86 TH,534.6,534.6,53.1,3.3
Chatfield Memorial Shelter,537.4,537.4,53.2,2.8
Settlers Museum TH,539.2,539.2,53.3,1.8
County Rd 615,539.2,539.2,53.4,0.1
County Rd 729,539.7,539.7,53.4,0.4
Atkins  VA 24311,541.8,541.8,53.5,2.2
US Hwy 11,542.0,542.0,53.5,0.1
I-81,542.1,542.1,53.5,0.1
I-81,542.1,542.1,53.5,0.0
County Rd 617,543.0,543.0,53.6,0.9
VA 617 TH,543.0,543.0,53.6,0.0
Davis Path (old shelter),544.8,544.8,53.7,1.8
County Rd 610,552.0,552.0,54.1,7.3
SR 742,553.5,553.5,54.2,1.4
SR 42,554.6,554.6,54.3,1.1
VA 42 TH,554.6,554.6,54.3,0.1
Knot Maul Shelter,556.5,556.5,54.4,1.9
USFS 222 TH,561.2,561.2,54.7,4.7
SR 625,561.2,561.2,54.7,0.0
Chestnut Knob Shelter,565.9,565.9,55.0,4.7
Walker Gap TH,567.2,567.2,55.1,1.3
VA 623 TH,572.0,572.0,55.4,4.8
SR 623,572.1,572.0,55.4,0.0
Jenkins Shelter,576.5,576.5,55.6,4.5
VA 615 TH,580.9,580.9,55.9,4.3
SR 615,580.9,580.9,55.9,0.0
US 21 &amp; 52 TH,587.9,587.9,56.3,7.0
Bastian  VA 24314/Bland  VA 24315,587.9,587.9,56.3,0.0
US Hwy 52,588.1,588.1,56.3,0.2
SR 612,588.2,588.2,56.3,0.1
I-77,588.4,588.3,56.3,0.2
VA 612 TH,588.8,588.8,56.4,0.4
Helvey's Mill Shelter,590.2,590.2,56.5,1.4
VA 611 TH,596.9,596.8,56.9,6.7
SR 611,596.9,596.9,56.9,0.0
Jenny Knob Shelter,600.0,600.0,57.1,3.1
SR 608,601.3,601.3,57.1,1.3
VA 606 TH,606.5,606.5,57.4,5.2
SR 606,606.5,606.5,57.4,0.0
Wapiti Shelter,614.7,614.7,57.9,8.2
VA 663 (Sugar Run Gap) TH,621.9,621.9,58.4,7.2
Doc's Knob Shelter,624.1,624.0,58.5,2.2
SR 793,632.6,632.6,59.0,8.6
Pearisburg  VA 24134/SR 100,633.1,633.1,59.1,0.5
US Hwy 460,634.0,634.0,59.1,0.9
US Hwy 460,634.0,634.0,59.1,0.0
SR 641,635.3,635.3,59.2,1.3
VA 614 TH,635.3,635.3,59.2,0.0
Rice Field Shelter,639.9,639.9,59.5,4.6
Pine Swamp Shelter,652.3,652.3,60.2,12.4
VA 635 TH,652.6,652.6,60.3,0.3
SR 635,654.8,654.8,60.4,2.2
VA 635 TH,654.8,654.8,60.4,0.0
Bailey Gap Shelter,656.4,656.4,60.5,1.6
VA 613 TH,660.1,660.1,60.7,3.7
Wind Rock TH,660.1,660.1,60.7,0.0
War Spur Shelter,665.3,665.3,61.0,5.2
VA 632 And USFS 156 TH,666.2,666.2,61.1,0.9
SR 632,666.2,666.2,61.1,0.0
VA 601 (Rocky Gap) TH,668.5,668.5,61.2,2.3
Laurel Creek Shelter,671.8,671.8,61.4,3.3
SR 42,674.4,674.4,61.6,2.6
VA 630 TH,675.3,675.3,61.6,0.8
Sarver Hollow Shelter,678.5,678.5,61.8,3.3
Niday Shelter,684.2,684.2,62.2,5.7
VA 621 TH,685.7,685.7,62.3,1.5
SR 621,685.8,685.8,62.3,0.0
VA 620 TH,693.6,693.6,62.8,7.9
SR 620,693.6,693.6,62.8,0.0
Pickle Branch Shelter,694.9,694.9,62.8,1.3
VA 311 TH,701.0,701.0,63.2,6.1
SR 624,701.5,701.5,63.2,0.5
Catawba  VA 24070,703.1,703.1,63.3,1.6
SR 785,703.2,703.2,63.3,0.1
VA 311 TH,707.3,707.3,63.6,4.1
SR 311,707.3,707.3,63.6,0.0
John's Spring Shelter,708.4,708.4,63.6,1.1
Catawba Shelter,709.5,709.5,63.7,1.2
Campbell Shelter,711.9,711.9,63.9,2.4
Lamberts Meadow Shelter,718.0,718.0,64.2,6.2
US 220 Commuter Parking Lot TH,727.4,727.4,64.8,9.4
US Hwy 220,727.7,727.7,64.8,0.3
Cloverdale  VA 24077/Daleville  VA 24083/US Hwy 220,727.8,727.8,64.8,0.0
SR 653,728.3,728.3,64.9,0.5
I-81,728.9,728.9,64.9,0.6
I-81,729.0,729.0,64.9,0.1
US 11 TH,729.3,729.3,64.9,0.3
Troutville  VA 24175/US Hwy 11,729.3,729.3,64.9,0.0
SR 652,729.9,729.8,65.0,0.6
Fullhardt Knob Shelter,733.2,733.2,65.2,3.3
Wilson Creek Shelter,739.2,739.2,65.5,6.0
Blue Ridge Parkway (Black Horse Gap) TH,741.6,741.6,65.7,2.4
Blue Ridge Parkway (Montvale Overlook) TH,743.4,743.4,65.8,1.9
Blue Ridge Parkway (Harveys Knob Overlook) TH,744.1,744.1,65.8,0.6
Bobblet's Gap Shelter,746.5,746.5,66.0,2.4
Blue Ridge Parkway (Sharptop &amp; Peaks Of Otter Overlook) TH,747.3,747.3,66.0,0.8
Blue Ridge Parkway (Mills Gap) TH,747.9,747.9,66.1,0.7
Buchanan  VA 24066,749.7,749.7,66.2,1.7
VA 43 TH,749.8,749.7,66.2,0.1
SR 43,749.8,749.8,66.2,0.0
Cove Mountain Shelter,752.9,752.8,66.4,3.1
SR 614,756.1,756.1,66.6,3.2
VA 614 TH,756.1,756.1,66.6,0.1
Bryant Ridge Shelter,759.9,759.9,66.8,3.8
Cornelius Creek Shelter,764.9,764.9,67.1,5.0
USFS 812 TH,767.6,767.6,67.3,2.7
County Road 3011 TH,769.1,769.1,67.3,1.5
Thunder Hill Shelter,770.2,770.2,67.4,1.1
Big Island  VA 24526/Petites Gap Road (USFS 35) TH/SR 781,774.9,774.9,67.7,4.7
Matts creek Shelter,782.7,782.7,68.2,7.8
Glasgow  VA 24555/US 501 TH,784.7,784.7,68.3,2.0
SR 130,784.8,784.8,68.3,0.1
Boat Lanch TH,784.9,784.9,68.3,0.0
SR 812,785.9,785.9,68.4,1.1
Johns Hollow Shelter,786.6,786.6,68.4,0.7
Punchbowl Shelter,795.3,795.3,68.9,8.7
Blue Ridge Parkway (Punchbowl) TH,795.8,795.8,69.0,0.4
Blue Ridge Parkway (Mile 51.7) TH,795.8,795.8,69.0,0.0
SR 607,796.0,796.0,69.0,0.2
USFS 38 TH,802.9,802.8,69.4,6.8
Brown Mountain Creek Shelter,804.9,804.9,69.5,2.0
Buena Vista  VA 24416,806.6,806.6,69.6,1.7
US Hwy 60,806.7,806.6,69.6,0.0
US 60 Long Mtn Wayside TH,806.7,806.7,69.6,0.1
Cow Camp Gap Shelter,810.6,810.6,69.9,3.9
USFS 48 TH,813.0,813.0,70.0,2.4
USFS 63 TH,815.1,815.1,70.2,2.2
SR 634,815.1,815.1,70.2,0.0
Seeley Woodowrth Shelter,820.5,820.5,70.5,5.4
SR 826,826.6,826.6,70.8,6.1
The Priest Shelter,827.5,827.5,70.9,1.0
VA 56 TH,832.2,832.2,71.2,4.7
Montebello  VA 24464/SR 56,832.3,832.3,71.2,0.0
Harpers Creek Shelter,835.1,835.1,71.4,2.8
Maupin Field Shelter,841.1,841.1,71.7,6.0
SR 664,842.8,842.8,71.8,1.7
VA 664 (Reeds Gap) TH,842.8,842.8,71.8,0.0
Blue Ridge Parkway (3 Ridges Overlook) TH,843.4,843.4,71.9,0.5
Dripping Rock TH,847.7,847.7,72.1,4.3
Blue Ridge Parkway (Humpback Picnic Parking) TH,848.9,848.9,72.2,1.2
Blue Ridge Parkway (Humpback Gap) TH,854.5,854.5,72.5,5.6
Paul C. Wolfe Shelter,857.0,856.9,72.7,2.5
US Hwy 250,861.9,861.9,73.0,5.0
Waynesboro  VA 22980/I-64/I-64,862.0,861.9,73.0,0.0
Skyline Drive (McCormick Gap) TH,865.6,865.6,73.2,3.6
Skyline Drive (Beagle Gap) TH,867.5,867.5,73.3,1.9
Calf Mountain Shelter,869.6,869.6,73.5,2.2
Skyline Drive (Sawmill Run Overlook) TH,872.5,872.4,73.6,2.8
Skyline Drive (Turk Gap) TH,874.1,874.1,73.7,1.6
Skyline Drive (Wildcat Ridge) TH,876.1,876.1,73.9,2.0
Skyline Drive (Riprap) TH,879.1,879.1,74.0,3.0
Skyline Drive (Black Rock Gap) TH,882.1,882.1,74.2,3.0
Blackrock Hut Shelter,882.8,882.8,74.3,0.7
Skyline Drive (Black Rock) TH,883.9,883.9,74.3,1.1
Skyline Drive (Jones Run) TH,884.6,884.6,74.4,0.7
Skyline Drive (Browns Gap) TH,886.0,886.0,74.5,1.3
Skyline Drive (Doyles River Overlook) TH,887.3,887.3,74.5,1.3
Skyline Drive (Doyles River Trailhead) TH,888.1,888.1,74.6,0.8
Skyline Drive (Ivy Creek Overlook) TH,894.5,894.5,75.0,6.4
Pinefield Hut Shelter,896.1,896.1,75.1,1.6
Skyline Drive (Simmons Gap) TH,898.3,898.3,75.2,2.2
SR 628,898.3,898.3,75.2,0.0
Skyline Drive (Smith Roach Gap) TH,903.2,903.2,75.5,4.9
Hightop Hut Shelter,904.5,904.5,75.6,1.3
Skyline Drive (Hightop Mountain) TH,906.6,906.6,75.7,2.1
US Hwy 33,907.8,907.8,75.8,1.2
Pocosin Cabin Shelter,914.4,914.4,76.2,6.5
Bearfence Mountain Hut Shelter,917.2,917.2,76.4,2.8
Bearfence Mountain Hut TH,917.4,917.4,76.4,0.2
Skyline Drive (Bearfence Mountain) TH,918.4,918.4,76.4,1.0
Skyline Drive (Bootens Gap) TH,919.8,919.8,76.5,1.4
Skyline Drive (Milam Gap) TH,922.8,922.8,76.7,3.0
Skyline Drive (Tanners Ridge overlook) TH,924.3,924.3,76.8,1.5
Rock Spring Hut Shelter,928.9,928.9,77.1,4.6
Skyline Drive (Lower Hawksbill lot) TH,930.3,930.3,77.2,1.4
Skyline Drive (Skyland South) TH,932.9,932.9,77.3,2.6
Skyline Drive (stables) TH,933.3,933.3,77.3,0.4
Skyline Drive (Nature Trail Parking) TH,933.7,933.7,77.4,0.5
Skyline Drive (Little Stony Man) TH,935.3,935.3,77.5,1.6
Byrds Nest 3 Shelter,940.0,940.0,77.8,4.7
Thornton Gap TH,943.0,943.0,77.9,3.0
US Hwy 211,943.3,943.3,78.0,0.3
US Hwy 211,943.3,943.3,78.0,0.0
Pass Mountain Hut Shelter,944.7,944.7,78.0,1.4
Skyline Drive (Beahms Gap) TH,946.5,946.5,78.1,1.8
Skyline Drive (Elkwallow Wayside) TH,952.1,952.1,78.5,5.6
Skyline Drive (Hogback Mountain) TH,954.6,954.6,78.6,2.6
Skyline Drive (Little Hogback Overlook) TH,956.2,956.2,78.7,1.6
Gravel Springs Hut Shelter,958.0,958.0,78.9,1.8
Skyline Drive (Gravel Springs Gap) TH,958.2,958.2,78.9,0.2
Skyline Drive (Marshall) TH,960.0,960.0,79.0,1.7
Skyline Drive (Compton Gap) TH,966.0,966.0,79.3,6.1
SR 601,968.2,968.2,79.5,2.2
Tom Floyd Wayside Shelter,968.7,968.7,79.5,0.5
SR 602,970.2,970.2,79.6,1.6
VA 522 (Chester Gap) TH,971.6,971.6,79.7,1.4
US Hwy 522,971.6,971.6,79.7,0.0
Jim &amp; Molly Denton Shelter,976.8,976.8,80.0,5.2
VA 638 (Fiery Run Road) TH,977.9,977.9,80.1,1.1
VA 638 TH,977.9,977.9,80.1,0.0
Linden  VA 22642/Front Royal  VA 22630/VA 55 (Manassas Gap) TH,979.9,979.9,80.2,1.9
I-66,980.0,980.0,80.2,0.1
I-66,980.0,980.0,80.2,0.0
VA 725 TH,980.0,980.0,80.2,0.0
County Rd 725,980.0,980.0,80.2,0.0
County Rd 725,982.3,982.3,80.3,2.3
Manassass Gap Shelter,982.4,982.4,80.3,0.1
Upper Ted Lake Parking Area TH,983.3,983.3,80.4,0.9
Dick's Dome Shelter,986.9,986.9,80.6,3.6
US Hwy 17,991.8,991.8,80.9,5.0
US Hwy 50,991.9,991.9,80.9,0.0
VA 601 TH,992.0,992.0,80.9,0.1
Rod Hollow Shelter,995.3,995.3,81.1,3.3
SR 605,999.1,999.1,81.4,3.8
Sam Moore Shelter,1002.3,1002.3,81.5,3.2
Bears Den Hostel Shelter,1005.2,1005.2,81.7,2.9
Bluemont  VA 20135,1005.8,1005.8,81.8,0.6
SR 679,1005.9,1005.9,81.8,0.1
SR 7,1005.9,1005.9,81.8,0.0
Rt. 679 / Snickers Gap north side TH,1005.9,1005.9,81.8,0.0
Blackburn Trail Center Shelter,1013.4,1013.4,82.2,7.5
David Lesser Memorial Shelter,1016.6,1016.6,82.4,3.2
VA 9 (Keys Gap) TH,1019.6,1019.6,82.6,3.0
SR 9,1019.7,1019.7,82.6,0.0
County Rd 32,1024.3,1024.3,82.9,4.6
SR 340,1024.9,1024.9,82.9,0.6
Shenandoah Street TH,1025.2,1025.2,82.9,0.3
ATC Headquarters - Harpers Ferry Shelter,1025.6,1025.5,83.0,0.3
Harpers Ferry  WV 25425,1026.1,1026.1,83.0,0.5
US Hwy 340,1027.5,1027.5,83.1,1.5
Keep Tryst Road TH,1029.1,1029.1,83.2,1.6
US Hwy 340,1029.4,1029.4,83.2,0.2
US Hwy 340,1029.4,1029.4,83.2,0.0
Weverton Road TH,1029.5,1029.5,83.2,0.2
Ed Garvey Shelter,1032.5,1032.5,83.4,3.0
Gathland State Park (south parking area) TH,1036.1,1036.1,83.6,3.6
Gathland State Park (north parking area) TH,1036.3,1036.3,83.6,0.2
Crampton Gap Shelter,1036.7,1036.6,83.6,0.4
Rocky Run Shelter,1041.4,1041.4,83.9,4.7
Reno Monument Road (Fox Gap) TH,1042.5,1042.5,84.0,1.1
US Alt. 40 (Turners Gap) TH,1043.6,1043.6,84.1,1.1
US Hwy 40,1043.6,1043.6,84.1,0.0
Dahlgren Chapel TH,1043.6,1043.6,84.1,0.0
Washington Monument Road (Hiker Parking) TH,1045.2,1045.2,84.2,1.6
Washington Monument Road (Main Parking) TH,1045.4,1045.4,84.2,0.2
Boonsboro Mountain Road TH,1047.7,1047.7,84.3,2.3
I-70,1048.5,1048.5,84.4,0.8
I-70,1048.5,1048.5,84.4,0.0
US 40 (Annapolis Rock) TH,1048.6,1048.6,84.4,0.0
US Hwy 40,1048.7,1048.7,84.4,0.1
Pine  Knob Shelter,1049.1,1049.0,84.4,0.4
MD 17 (Wolfsville Road) TH,1057.2,1057.2,84.9,8.1
MD 17 (Wolfsville Road) TH,1057.2,1057.2,84.9,0.0
Ensign Cowall Shelter,1057.5,1057.5,84.9,0.3
Smithsburg  MD 21783/SR 77,1059.1,1059.1,85.0,1.6
Warner Gap Rd TH,1060.8,1060.8,85.1,1.7
SR 491,1061.6,1061.6,85.2,0.8
Devil's Racecourse (old shelter),1062.7,1062.6,85.2,1.0
High Rock Road TH,1064.4,1064.4,85.3,1.8
Cascade  MD 21719/Pen Mar Road TH,1067.6,1067.6,85.5,3.2
PA 16 TH,1070.0,1070.0,85.7,2.4
SR 16,1070.0,1070.0,85.7,0.0
Mentzer Gap Road TH,1070.2,1070.2,85.7,0.2
Deer Lick Shelter,1072.1,1072.1,85.8,1.9
Rattlesnake Run Road (Pipeline) TH,1072.5,1072.5,85.8,0.3
Antietam Shelter,1074.4,1074.4,85.9,1.9
Rattlesnake Run Road TH,1074.9,1074.8,86.0,0.4
Tumbling Run Road (Old Forge Road) TH,1075.5,1075.5,86.0,0.7
Tumbling Run Shelter,1075.5,1075.5,86.0,0.0
Snowy Mountain Road TH,1079.4,1079.4,86.2,3.9
South Mountain  PA 17261,1080.0,1080.0,86.3,0.6
PA 233 TH,1080.4,1080.4,86.3,0.4
Rocky Mountain Shelter,1082.1,1082.1,86.4,1.7
Fayetteville  PA 17222/US Hwy 30,1085.1,1085.1,86.6,3.0
US 30 (Caledonia State Park) TH,1085.4,1085.4,86.6,0.4
Caledonia State Park TH,1085.6,1085.5,86.6,0.1
Quarry Gap Shelter,1087.6,1087.6,86.7,2.0
Milesburn Cabin Shelter,1092.5,1092.5,87.0,4.9
Birch Run Shelter,1094.9,1094.9,87.2,2.4
Shippensburg-Arendtsville Road (Big Flat) TH,1096.3,1096.3,87.3,1.3
Dead Woman's Hollow TH,1097.3,1097.3,87.3,1.0
Tom's Run Shelter,1101.0,1101.0,87.6,3.7
Old Shippensburg Road TH,1102.4,1102.4,87.6,1.4
PA 233 TH,1104.4,1104.4,87.8,2.0
SR 233,1104.5,1104.5,87.8,0.1
Ironmasters Mansion Shelter,1104.7,1104.7,87.8,0.1
Pine Grove Furnace State Park TH,1104.8,1104.8,87.8,0.1
Pine Grove Furnace State Park TH,1104.8,1104.8,87.8,0.1
Pine Grove Furnace State Park TH,1105.1,1105.1,87.8,0.3
Pine Grove Furnace State Park (Old Railroad Bed Road 2) TH,1105.9,1105.9,87.9,0.7
James Fry at Tagg Run Shelter,1112.1,1112.1,88.2,6.3
Green Mountain Road (Tagg Run) TH,1112.6,1112.6,88.3,0.5
PA 34 (Hunter's Run) TH,1113.3,1113.3,88.3,0.7
SR 34,1113.5,1113.5,88.3,0.2
Appalachian Trail Road TH,1113.5,1113.5,88.3,0.0
Mt. Holly Springs  PA 17065/SR 94,1115.6,1115.6,88.4,2.1
Sheet Iron Roof Road TH,1115.8,1115.8,88.5,0.3
Whiskey Springs Road TH,1118.4,1118.4,88.6,2.6
Alec Kennedy Shelter,1120.4,1120.4,88.7,2.1
No Official Name or Unknown TH,1122.9,1122.9,88.9,2.4
Leidigh Road (south side only) TH,1123.3,1123.3,88.9,0.4
No Official Name Or Unknown TH,1123.4,1123.4,88.9,0.1
No Official Name or Unknown TH,1124.1,1124.1,89.0,0.7
Fishing Parking Lot TH,1124.2,1124.2,89.0,0.2
ATC Mid-Atlantic Office Shelter,1124.4,1124.4,89.0,0.2
Boiling Springs  PA 17007/SR 174,1124.5,1124.4,89.0,0.0
PA 74 (York Road - north side only) TH,1126.5,1126.5,89.1,2.1
Lisburn Road TH,1127.5,1127.5,89.2,1.0
SR 641,1128.6,1128.6,89.2,1.1
PA 641 (Trindle Road) TH,1128.6,1128.6,89.2,0.0
I-76,1131.2,1131.2,89.4,2.6
I-76,1131.2,1131.2,89.4,0.0
US Hwy 11,1132.4,1132.4,89.5,1.2
I-81,1133.3,1133.3,89.5,0.9
I-81,1133.4,1133.4,89.5,0.0
Scott Farm Shelter,1134.8,1134.8,89.6,1.4
Sherwood Drive TH,1136.0,1136.0,89.7,1.1
SR 944,1136.9,1136.9,89.7,0.9
Darlington Shelter,1138.9,1138.9,89.9,2.0
PA 850 TH,1141.1,1141.1,90.0,2.2
SR 850,1141.1,1141.1,90.0,0.0
Cove Mountain Shelter,1146.3,1146.3,90.3,5.2
No Official Name Or Unknown TH,1148.9,1148.9,90.5,2.6
US Hwy 15,1149.7,1149.7,90.5,0.8
Duncannon  PA 17020,1150.7,1150.7,90.6,1.0
SR 849,1151.2,1151.2,90.6,0.5
SR 849,1151.4,1151.4,90.6,0.3
US Hwy 22,1151.9,1151.9,90.7,0.5
SR 147,1152.0,1152.0,90.7,0.0
Clark's Ferry Shelter,1154.7,1154.7,90.8,2.8
SR 225,1158.7,1158.7,91.1,3.9
PA 225 TH,1158.7,1158.7,91.1,0.0
Peters Mountain Shelter,1161.7,1161.7,91.3,3.0
SR 325,1168.8,1168.8,91.7,7.1
PA 325 TH,1168.8,1168.8,91.7,0.0
Rausch Gap Shelter,1180.5,1180.5,92.4,11.7
Rausch Gap TH,1180.7,1180.7,92.4,0.2
SR 443,1184.4,1184.4,92.6,3.8
PA 443 (Swatara State Park) TH,1185.1,1185.1,92.7,0.7
PA 72 (Swatara State Park) TH,1186.3,1186.3,92.7,1.2
SR 72,1186.5,1186.5,92.8,0.2
I-81,1186.8,1186.8,92.8,0.4
I-81,1186.9,1186.9,92.8,0.0
William Penn Shelter,1194.1,1194.1,93.2,7.2
PA 645 TH,1196.3,1196.3,93.4,2.2
SR 645,1196.3,1196.3,93.4,0.0
PA 501 Shelter,1198.1,1198.1,93.5,1.8
Pine Grove  PA 17963/PA 501 TH,1198.3,1198.3,93.5,0.2
SR 501,1198.4,1198.4,93.5,0.0
PA 183 (south) TH,1207.6,1207.6,94.0,9.3
SR 183,1207.7,1207.7,94.1,0.0
PA 183 (north) TH,1208.0,1208.0,94.1,0.3
Eagles Nest Shelter,1213.6,1213.6,94.4,5.6
PA 61 TH,1223.0,1223.0,95.0,9.4
SR 61,1223.4,1223.4,95.0,0.4
Port Clinton  PA 19549/Port Clinton Ave TH,1223.5,1223.5,95.0,0.1
Hamburg Watershed TH,1228.8,1228.8,95.3,5.3
Windsor Furnace Shelter,1228.9,1228.9,95.3,0.1
Eckville Shelter,1238.0,1238.0,95.9,9.2
Hawk Mountain Road TH,1238.1,1238.1,95.9,0.0
Allentown Shelter,1245.7,1245.7,96.4,7.6
Fort Franklin Road (Blue Mountainhouse Road) TH,1247.7,1247.7,96.5,2.0
SR 309,1249.9,1249.9,96.6,2.2
PA 309 TH,1249.9,1249.9,96.6,0.0
Bake Oven Knob Road (west side) TH,1254.8,1254.8,96.9,4.8
Bake Oven Knob Road (east side) TH,1254.8,1254.8,96.9,0.0
Bake Oven Knob Shelter,1255.8,1255.8,97.0,1.0
Ashfield Road (Lehigh Furnace Gap) TH,1258.2,1258.2,97.1,2.4
I-476,1260.7,1260.7,97.3,2.5
I-476,1260.7,1260.7,97.3,0.0
George W. Outerbridge Shelter,1262.6,1262.6,97.4,2.0
Lehigh Gap West TH,1263.2,1263.2,97.4,0.6
Slatington  PA 18080/SR 873,1263.2,1263.2,97.4,0.0
SR 145,1263.6,1263.6,97.5,0.4
SR 248,1263.6,1263.6,97.5,0.0
Lehigh Gap East TH,1263.7,1263.7,97.5,0.1
Blue Mountain Drive (Little Gap) TH,1268.5,1268.5,97.8,4.8
Danielsville  PA 18038,1268.6,1268.5,97.8,0.0
Smith Gap TH,1275.9,1275.9,98.2,7.3
Leroy A. Smith Shelter,1279.3,1279.3,98.4,3.4
SR 33,1283.9,1283.9,98.7,4.5
PA 115 (Wind Gap) TH,1284.0,1284.0,98.7,0.1
Wind Gap  PA 18091/SR 115,1284.0,1284.0,98.7,0.0
PA 191 (Fox Gap) TH,1292.5,1292.5,99.2,8.6
SR 191,1292.6,1292.6,99.2,0.0
Kirkridge Shelter,1293.1,1293.1,99.3,0.6
Delaware Water Gap (Lake Lenape) TH,1299.3,1299.3,99.6,6.1
SR 611,1299.5,1299.5,99.6,0.2
Delaware Water Gap  PA 18327,1299.5,1299.5,99.6,0.0
AT Overflow Parking TH,1300.8,1300.8,99.7,1.3
I-80,1301.0,1301.0,99.7,0.2
I-80,1301.0,1301.0,99.7,0.0
I-80 TH,1301.0,1301.0,99.7,0.0
Dunnfield Creek Natural Area TH,1301.1,1301.1,99.7,0.1
Mohican Outdoor Center (Camp Road) TH,1310.1,1310.1,100.3,8.9
Fire Road Entrance TH,1313.3,1313.3,100.5,3.2
Blairstown Road TH,1313.4,1313.4,100.5,0.1
Blue Mountain Lakes Road TH,1317.1,1317.1,100.7,3.7
County Rd 624,1317.2,1317.1,100.7,0.0
Blue Mountain Lakes Road TH,1317.2,1317.2,100.7,0.0
Brink Road Shelter,1324.1,1324.0,101.1,6.9
Branchville  NJ 07826,1327.5,1327.5,101.3,3.5
US Hwy 206,1327.6,1327.5,101.3,0.0
County Rd 636,1327.6,1327.6,101.4,0.0
Culvers Gap TH,1327.9,1327.9,101.4,0.3
Gren Anderson Shelter,1330.7,1330.7,101.5,2.8
Sunrise Mountain Picnic Shelter,1333.0,1333.0,101.7,2.3
Sunrise Mountain Pavilion TH,1333.2,1333.2,101.7,0.2
Mashipicong Shelter,1336.4,1336.3,101.9,3.1
County Rd 650,1336.5,1336.5,101.9,0.2
Deckertown Turnpike TH,1336.5,1336.5,101.9,0.0
Rutherford Shelter,1339.4,1339.4,102.1,2.9
NJ 23 (High Point State Park) TH,1341.7,1341.7,102.2,2.3
SR 23,1341.8,1341.8,102.2,0.1
High Point Shelter,1343.3,1343.3,102.3,1.5
County Road 519 TH,1344.7,1344.7,102.4,1.4
County Rd 519,1344.7,1344.7,102.4,0.0
Goldsmith Lane TH,1349.2,1349.2,102.7,4.5
Unionville Road TH,1349.6,1349.6,102.7,0.4
County Rd 651,1349.6,1349.6,102.7,0.0
Unionville  NY 10988/Quarry Road TH,1349.9,1349.9,102.7,0.3
Lott Road TH,1350.6,1350.6,102.8,0.7
NJ 284 TH,1351.6,1351.6,102.8,1.0
County Rd 667,1355.3,1355.3,103.0,3.6
Pochuck Mountain Shelter,1355.8,1355.8,103.1,0.5
Louemma TH,1357.8,1357.8,103.2,2.0
NJ 565 TH,1358.4,1358.4,103.2,0.6
County Rd 565,1358.4,1358.4,103.2,0.0
Glenwood  NJ 07418/County Rd 517,1359.9,1359.9,103.3,1.5
Canal Road TH,1361.4,1361.4,103.4,1.5
Vernon  NJ 07462/NJ 94 (Annex) TH/County Rd 515,1362.3,1362.3,103.5,0.9
Barrett Road TH,1365.3,1365.3,103.6,3.0
Wawayanda Shelter,1367.3,1367.3,103.8,2.0
Warwick Turnpike TH,1367.8,1367.8,103.8,0.5
Longhouse Drive (Brady Road) TH,1369.1,1369.1,103.9,1.4
NY 17A TH,1377.0,1377.0,104.4,7.9
Bellvale  NY 10912/Greenwood Lake  NY 10925,1377.1,1377.1,104.4,0.1
Wildcat Shelter,1379.2,1379.2,104.5,2.1
Lakes Road TH,1380.6,1380.6,104.6,1.4
County Rd 5,1380.6,1380.6,104.6,0.0
West Mombasha Road TH,1384.0,1384.0,104.8,3.4
County Rd 91,1384.0,1384.0,104.8,0.0
East Mombasha Road TH,1385.6,1385.6,104.9,1.6
Southfields  NY 10975,1386.9,1386.9,105.0,1.3
County Rd 19,1387.0,1387.0,105.0,0.1
SR 17,1388.7,1388.7,105.1,1.7
I-87,1388.9,1388.9,105.1,0.2
Elk Pen TH,1388.9,1388.9,105.1,0.1
Arden  NY 10910,1389.0,1389.0,105.1,0.1
Fingerboard Shelter,1393.0,1393.0,105.3,3.9
William Brien Memorial Shelter,1398.3,1398.3,105.7,5.3
West Mountain Shelter,1401.3,1401.3,105.8,3.0
Bear Mountain TH,1405.3,1405.3,106.1,4.0
US Hwy 202,1407.4,1407.4,106.2,2.1
Fort Montgomery  NY 10922,1407.8,1407.8,106.2,0.4
Bear Mountain  NY 10911/Peekskill  NY 10566,1408.3,1408.3,106.3,0.5
US Hwy 202,1408.4,1408.3,106.3,0.0
NY 9D TH,1408.4,1408.4,106.3,0.1
South Mountain Pass TH,1410.3,1410.3,106.4,1.8
SR 403,1413.6,1413.6,106.6,3.3
US Hwy 9,1413.6,1413.6,106.6,0.0
South Highland Road TH,1419.5,1419.5,106.9,5.9
Dennytown Road TH,1422.1,1422.1,107.1,2.6
SR 301,1425.8,1425.8,107.3,3.7
NY 301 TH,1425.8,1425.8,107.3,0.0
Long Hill Road TH,1430.2,1430.2,107.6,4.4
RPH Shelter,1432.5,1432.5,107.7,2.3
Hosner Mountain Road TH,1436.0,1436.0,108.0,3.5
SR 52,1437.7,1437.7,108.1,1.7
Stormville  NY 12582/Route 52 TH,1437.7,1437.7,108.1,0.0
Stormville Mountain Road TH,1438.7,1438.7,108.1,1.0
I-84,1439.0,1439.0,108.1,0.3
I-84,1439.0,1439.0,108.1,0.0
Morgan Stewart Shelter,1441.3,1441.3,108.3,2.3
Depot Hill Road TH,1442.4,1442.4,108.3,1.2
Old NY 55 TH,1444.3,1444.3,108.5,1.9
Old NY 55 (Nuclear Lake) TH,1444.5,1444.5,108.5,0.3
Poughquag  NY 12570/Pawling  NY 12564/SR 55,1444.6,1444.6,108.5,0.0
NY 55 TH,1444.7,1444.7,108.5,0.1
Telephone Pioneers Shelter,1448.7,1448.7,108.7,4.1
County Route 20 TH,1449.2,1449.2,108.8,0.5
County Rd 20,1449.3,1449.3,108.8,0.0
NY 22 TH,1451.6,1451.6,108.9,2.4
SR 55,1451.7,1451.7,108.9,0.1
Wiley Shelter,1457.4,1457.4,109.3,5.7
Duell Hollow Road TH,1457.6,1457.6,109.3,0.2
Hoyt Road TH,1458.7,1458.7,109.3,1.0
CT 55 TH,1459.0,1459.0,109.4,0.3
SR 55,1459.3,1459.3,109.4,0.3
Windgdale  NY 12594,1459.3,1459.3,109.4,0.0
Ten Mile River Lean-to,1461.5,1461.5,109.5,2.2
No Official Name Or Unknown TH,1462.7,1462.7,109.6,1.2
Bulls Bridge Road TH,1462.9,1462.9,109.6,0.1
Schaghticoke Road TH,1463.1,1463.1,109.6,0.3
Mount Algo Lean-to,1469.9,1469.9,110.0,6.8
Kent  CT 06757,1470.2,1470.2,110.0,0.3
CT 341 TH,1470.3,1470.3,110.0,0.1
SR 341,1470.3,1470.3,110.0,0.0
River Road (south) TH,1475.1,1475.1,110.3,4.8
River Road (north) TH,1476.1,1476.1,110.4,1.0
Stewart Hollow Brook Lean-to,1477.5,1477.5,110.5,1.5
No Official Name Or Unknown TH,1481.6,1481.6,110.7,4.1
Cornwall Bridge  CT 06754/SR 4,1481.7,1481.7,110.7,0.1
No Official Name Or Unknown TH,1482.3,1482.3,110.8,0.7
West Cornwall Road TH,1486.6,1486.6,111.0,4.3
West Cornwell  CT 06796,1486.6,1486.6,111.0,0.0
Pine Swamp Brook Lean-to,1487.7,1487.7,111.1,1.1
US Hwy 7,1493.7,1493.7,111.5,6.0
US 7 &amp; CT 112 TH,1493.7,1493.7,111.5,0.0
US 7 &amp; CT 112 TH,1494.1,1494.1,111.5,0.4
Falls Village  CT 06031,1495.3,1495.3,111.6,1.2
Falls Village Handicap Accessible Trailhead TH,1496.2,1496.2,111.6,0.9
Housatanic River pull-off TH,1496.7,1496.7,111.7,0.6
"Great Falls Parking, Falls Village TH",1497.0,1497.0,111.7,0.3
Limestone Spring Lean-to,1500.0,1500.0,111.8,3.0
US Hwy 44,1503.0,1503.0,112.0,3.0
Salisbury  CT 06068,1503.2,1503.2,112.0,0.2
SR 41,1503.9,1503.9,112.1,0.7
CT 41 TH,1503.9,1503.9,112.1,0.1
Bunker Hill Road  (Lion's Head Trailhead) TH,1504.7,1504.7,112.1,0.7
Riga Lean-to,1507.0,1507.0,112.3,2.3
Brassie Brook Shelter,1508.1,1508.1,112.3,1.1
Mount Everett Shelter,1515.7,1515.7,112.8,7.6
Guilder Pond Picnic Area TH,1516.1,1516.1,112.8,0.4
The Hemlocks Lean-to,1516.6,1516.6,112.9,0.4
Glen Brook Lean-to,1516.7,1516.7,112.9,0.1
Jug End Road TH,1520.1,1520.1,113.1,3.4
South Egremont  MA 01258/SR 41,1520.9,1520.9,113.1,0.9
Sheffield Road Parking TH,1522.8,1522.8,113.2,1.9
Great Barrington  MA 01230/SR 7,1524.6,1524.6,113.3,1.9
Housatonic River Canoe Launch/Trailhead Parking TH,1525.5,1525.5,113.4,0.9
Sheffield  MA 01157,1525.5,1525.5,113.4,0.0
Homes Road TH,1527.5,1527.5,113.5,1.9
Tom Leonard Lean-to,1531.1,1531.1,113.7,3.6
Lake Buel Road TH,1532.2,1532.2,113.8,1.1
Monterey  MA 01245/SR 23/SR 183,1533.0,1533.0,113.9,0.8
MA 23 TH,1533.1,1533.0,113.9,0.0
Blue Hill Road TH,1534.2,1534.2,113.9,1.1
Mount Wilcox South Lean-to,1536.1,1536.0,114.0,1.9
Mount Wilcox North Lean-to,1538.0,1538.0,114.2,1.9
Fernside/Jerusalem Road TH,1541.7,1541.7,114.4,3.8
Jerusalem Road Pull-off TH,1543.8,1543.8,114.5,2.0
Tyringham  MA 01264,1543.8,1543.8,114.5,0.0
Tyringham Main Road TH,1544.8,1544.8,114.6,1.0
Webster Road TH,1546.6,1546.6,114.7,1.8
Goose Pond Road (MA) TH,1549.0,1549.0,114.8,2.4
Upper Goose Pond Cabin Shelter,1549.9,1549.9,114.9,0.9
I-90,1553.1,1553.1,115.1,3.2
I-90,1553.2,1553.2,115.1,0.1
US 20 TH,1553.4,1553.4,115.1,0.3
US Hwy 20,1553.5,1553.5,115.1,0.0
Lee  MA 01238,1553.5,1553.5,115.1,0.0
Becket  MA 01223/tyne rd pullover TH,1554.3,1554.3,115.2,0.9
County Road TH,1558.8,1558.8,115.4,4.5
October Mountain Lean-to,1560.7,1560.7,115.5,1.9
West Branch Road TH,1561.3,1561.3,115.6,0.6
Pittsfield Road TH,1562.7,1562.7,115.7,1.4
Blotz Road TH,1565.6,1565.6,115.8,2.9
Kay Wood Lean-to,1569.5,1569.5,116.1,3.9
Grange Hall Road TH,1569.8,1569.8,116.1,0.3
SR 8,1572.4,1572.4,116.3,2.6
SR 9,1572.5,1572.5,116.3,0.1
Dalton  MA 01226,1572.5,1572.5,116.3,0.0
Gulf Road TH,1573.6,1573.6,116.3,1.1
Chesire  MA 01225,1581.1,1581.1,116.8,7.4
SR 8,1581.6,1581.6,116.8,0.5
Mark Noepel Lean-to,1585.9,1585.9,117.1,4.2
Greylock Day Use Parking TH,1588.1,1588.1,117.2,2.2
Pecks Brook Lean-to,1588.3,1588.3,117.2,0.3
Gould Trail Day Use Parking TH,1588.6,1588.6,117.2,0.3
Bascom Lodge Shelter,1589.0,1589.0,117.3,0.4
Greylock Summit TH,1589.2,1589.2,117.3,0.2
Bellow's Pipe Lean-to,1589.9,1589.9,117.3,0.7
Notch Road TH,1592.3,1592.3,117.5,2.5
Wilbur Clearing Lean-to,1592.6,1592.6,117.5,0.3
Pattison Road TH,1594.4,1594.4,117.6,1.8
North Adams  MA 01247/Williamstown  MA 01267/SR 2,1595.5,1595.4,117.7,1.0
Seth Warner Shelter,1602.3,1602.3,118.1,6.8
County Road TH,1602.5,1602.5,118.1,0.3
Congdon Shelter,1609.3,1609.3,118.5,6.7
Bennington  VT 05201/SR 9,1613.4,1613.4,118.8,4.1
VT 9 TH,1613.5,1613.5,118.8,0.1
Melville Nauheim Shelter,1614.9,1614.9,118.8,1.4
Goddard Shelter,1623.2,1623.2,119.3,8.3
Kid Gore Shelter,1627.2,1627.2,119.6,4.0
Caughnawaga (old shelter),1627.3,1627.3,119.6,0.1
Story Spring Shelter,1631.9,1631.9,119.9,4.7
road sholder TH,1633.6,1633.5,120.0,1.6
Stratton-Arlington Road TH,1635.6,1635.6,120.1,2.0
Gmc Caretaker Hut Shelter,1639.3,1639.3,120.3,3.7
Stratton Pond Shelter,1642.4,1642.4,120.5,3.1
William B. Douglas Shelter,1646.9,1646.9,120.8,4.5
Manchester Center  VT 05255,1648.2,1648.2,120.9,1.4
Spruce Peak Shelter,1650.2,1650.2,121.0,2.0
SR 30,1653.0,1653.0,121.2,2.8
VT 11 &amp; 30 TH,1653.1,1653.1,121.2,0.0
Bromley Shelter,1654.9,1654.9,121.3,1.8
USFS 21 TH,1658.2,1658.2,121.5,3.3
Peru Peak Shelter,1662.8,1662.8,121.8,4.6
Lost Pond Shelter,1667.3,1667.3,122.0,4.6
Big Branch Shelter,1669.1,1669.1,122.1,1.8
"Danby-Landgrove Rd, USFS 10 TH",1670.2,1670.2,122.2,1.1
"Danby  VT 05739/Danby-Landgrove Rd, USFS 10 TH",1670.3,1670.3,122.2,0.1
Lula Tye Shelter,1672.1,1672.1,122.3,1.8
Little Rock Pond Shelter,1672.7,1672.7,122.4,0.7
Greenwall Shelter,1677.2,1677.2,122.6,4.5
Wallingford  VT 05773,1678.5,1678.5,122.7,1.3
VT 140 TH,1678.6,1678.6,122.7,0.1
SR 140,1678.6,1678.6,122.7,0.0
VT 140 TH,1678.8,1678.8,122.7,0.2
Minerva Hinchey Shelter,1682.3,1682.3,123.0,3.5
VT 103 TH,1685.0,1685.0,123.1,2.7
SR 103,1685.1,1685.1,123.1,0.0
Clarendon Shelter,1686.1,1686.1,123.2,1.1
No Official Name or Unknown TH,1688.9,1688.9,123.3,2.7
Lower Cold River Road TH,1689.2,1689.2,123.4,0.4
Governor Clement Shelter,1692.2,1692.2,123.6,2.9
Cooper Lodge Shelter,1696.5,1696.5,123.8,4.4
Pico Camp Shelter,1699.3,1699.3,124.0,2.8
Churchhill Scott Shelter,1700.8,1700.8,124.1,1.5
US Rte 4 TH,1702.8,1702.8,124.2,1.9
US Hwy 4,1702.8,1702.8,124.2,0.0
Tucker Johnson (old shelter),1703.5,1703.5,124.2,0.8
Gifford Woods State Park Shelter,1705.9,1705.9,124.4,2.4
SR 100,1706.1,1706.1,124.4,0.1
Killington  VT 05751,1706.1,1706.1,124.4,0.0
Thunder Falls Parking TH,1708.0,1708.0,124.5,1.9
Stony Brook Shelter,1712.7,1712.7,124.8,4.7
Stony Brook Road TH,1713.3,1713.3,124.8,0.6
No Official Name or Unknown TH,1717.0,1717.0,125.1,3.7
No Official Name or Unknown Shelter,1719.6,1719.6,125.2,2.7
Winturri Shelter,1722.0,1722.0,125.4,2.4
VT 12 TH,1725.7,1725.7,125.6,3.7
Woodstock  VT 05091/SR 12,1725.8,1725.8,125.6,0.1
South Pomfret  VT 05067/Stage Road TH,1728.0,1728.0,125.7,2.2
Pomfret TH,1730.4,1730.4,125.9,2.4
Cloudland TH,1732.7,1732.7,126.0,2.3
Cloudland Shelter,1733.2,1733.2,126.0,0.5
Thistle Hill Shelter,1734.6,1734.6,126.1,1.4
Joe Ranger Road TH,1736.0,1736.0,126.2,1.4
West Hartford  VT 05084/SR 14,1740.5,1740.5,126.5,4.4
I-89,1740.7,1740.7,126.5,0.3
I-89,1740.8,1740.8,126.5,0.1
Podunk Road TH,1740.8,1740.8,126.5,0.0
Happy Hill Shelter,1744.2,1744.2,126.7,3.3
Elm Street TH,1747.7,1747.7,126.9,3.5
Norwich  VT 05055,1748.7,1748.7,127.0,1.0
US Hwy 5,1748.8,1748.8,127.0,0.2
I-91,1749.2,1749.2,127.0,0.4
I-91,1749.2,1749.2,127.0,0.0
Hanover  NH 03755,1750.1,1750.1,127.1,0.9
SR 120,1750.8,1750.8,127.1,0.6
Velvet Rocks Shelter,1751.9,1751.9,127.2,1.2
Trescot Road TH,1754.6,1754.6,127.4,2.7
Etna Hanover Center Road TH,1756.0,1755.9,127.4,1.3
Three Mile Road TH,1758.4,1758.4,127.6,2.5
Moose Mountain Shelter,1761.0,1761.0,127.7,2.6
Old Moose Mountain (old shelter),1761.2,1761.2,127.8,0.3
Goose Pond Road (NH) TH,1764.2,1764.2,127.9,3.0
Trapper John Shelter,1767.1,1767.1,128.1,2.9
Lyme  NH 03768,1767.9,1767.9,128.2,0.8
Dartmouth Skiway TH,1768.0,1768.0,128.2,0.1
Dorchester Road TH,1769.8,1769.8,128.3,1.8
Fire Warden's Cabin Shelter,1773.6,1773.6,128.5,3.8
No Official Name or Unknown TH,1777.3,1777.3,128.7,3.7
Hexacuba Shelter,1778.8,1778.8,128.8,1.4
NH 25A trailhead TH,1783.6,1783.6,129.1,4.9
Wentworth  NH 03282,1783.8,1783.8,129.1,0.2
Ore Hill (old shelter),1786.0,1786.0,129.3,2.2
NH 25 C TH,1788.8,1788.8,129.4,2.8
Warren  HH 03279,1788.9,1788.9,129.4,0.1
Glencliff  NH 03238,1793.7,1793.7,129.7,4.9
NH 25 TH,1793.8,1793.8,129.7,0.0
SR 25,1793.8,1793.8,129.7,0.0
Jeffers Brook Shelter,1794.8,1794.8,129.8,1.0
Jeffers Brook Road TH,1794.9,1794.9,129.8,0.1
Sanitarium Road TH,1795.2,1795.2,129.8,0.4
Beaver Brook Shelter,1801.3,1801.3,130.2,6.1
NH 112 TH,1802.6,1802.6,130.3,1.3
North Woodstock  NH 03262/SR 112,1802.6,1802.6,130.3,0.1
Eliza Brook Shelter,1809.7,1809.7,130.7,7.1
Kinsman Pond Shelter,1813.4,1813.4,130.9,3.7
Lonesome Lake Hut Shelter,1815.2,1815.2,131.0,1.8
I-93,1817.9,1817.9,131.2,2.7
I-93,1818.0,1818.0,131.2,0.1
NH 3 TH,1818.1,1818.0,131.2,0.0
Garfield Ridge Shelter,1827.7,1827.7,131.8,9.7
Galehead Hut Shelter,1830.3,1830.3,132.0,2.6
Guyot Shelter,1833.1,1833.1,132.1,2.7
Zealand Falls Hut Shelter,1836.8,1836.8,132.4,3.8
Ethan Pond Shelter,1841.8,1841.8,132.7,4.9
Ethan Pond Trailhead TH,1844.4,1844.4,132.8,2.7
US 302 TH,1844.7,1844.7,132.8,0.3
US Hwy 302,1844.8,1844.8,132.8,0.0
Mizpah Spring Hut Shelter,1850.7,1850.7,133.2,6.0
Lake of the Clouds Hut Shelter,1855.6,1855.6,133.5,4.8
Mt. Washington  NH 03589,1856.9,1856.9,133.6,1.3
Madison Spring Hut Shelter,1862.4,1862.4,133.9,5.5
No Official Name Or Unknown TH,1867.8,1867.8,134.2,5.4
Pinkham Notch TH,1869.7,1869.7,134.4,1.9
SR 16,1869.8,1869.7,134.4,0.1
Carter Notch Hut Shelter,1875.1,1875.1,134.7,5.4
Imp Campsite Shelter,1882.1,1882.1,135.1,7.0
Rattle River Shelter,1887.6,1887.6,135.4,5.5
US 2 Rattle River TH,1889.3,1889.3,135.6,1.7
US Hwy 2,1889.3,1889.3,135.6,-0.0
Gorham  NH 03581,1889.4,1889.4,135.6,0.1
No Official Name or Unknown TH,1890.2,1890.2,135.6,0.8
Gentian Pond Shelter,1900.7,1900.7,136.2,10.4
Carlo Col Shelter,1905.4,1905.4,136.5,4.8
Full Goose Shelter,1909.7,1909.7,136.8,4.3
Speck Pond Shelter,1914.2,1914.2,137.1,4.5
NH 26 (Grafton Notch) TH,1918.6,1918.6,137.3,4.4
SR 26,1918.7,1918.7,137.3,0.1
Baldpate Lean-to,1921.0,1921.0,137.5,2.3
Frye Notch Lean-to,1924.3,1924.3,137.7,3.3
East B Hill Road TH,1928.7,1928.7,138.0,4.4
Andover  ME 04216,1928.7,1928.7,138.0,0.0
Hall Mountain Lean-to,1934.5,1934.5,138.3,5.8
Bemis Mountain Lean-to,1946.6,1946.6,139.0,12.1
SR 17,1951.1,1951.1,139.3,4.5
Sabbath Day Pond Lean-to,1954.7,1954.7,139.5,3.6
ME 4 TH,1963.8,1963.8,140.1,9.1
Rangely  ME 04970/Oquossoc  ME 04964/SR 4,1963.8,1963.8,140.1,0.0
Piazza Rock Lean-to,1965.6,1965.6,140.2,1.8
Poplar Ridge Lean-to,1974.0,1974.0,140.7,8.3
Spaulding Mountain Lean-to,1981.7,1981.7,141.2,7.7
Caribou Valley Road (pull-off 1) TH,1986.7,1986.7,141.5,5.0
Caribou Valley Road (pull-off 2) TH,1986.7,1986.7,141.5,0.0
ME 27 TH,1994.6,1994.6,142.0,7.9
Stratton  ME 04982/SR 16/SR 27,1994.6,1994.6,142.0,0.0
No Official Name Or Unknown TH,1995.5,1995.5,142.0,0.9
No Official Name Or Unknown TH,1995.5,1995.5,142.0,0.0
Horns Pond Day Use Shelter,1999.5,1999.5,142.3,4.1
Horns Pond Lean-to (east),1999.6,1999.6,142.3,0.0
Avery Col Shelter,2002.4,2002.4,142.4,2.8
Little Bigelow Lean-to,2009.4,2009.4,142.9,7.1
Bog Brook Road TH,2010.7,2010.7,142.9,1.3
Bog Brook Road TH,2010.8,2010.8,143.0,0.1
West Carry Pond Lean-to,2017.1,2017.1,143.3,6.2
Pierce Pond Lean-to,2027.2,2027.2,143.9,10.1
Caratunk  ME 04925,2031.0,2031.0,144.2,3.8
US Hwy 201,2031.1,2031.1,144.2,0.0
ME 201 TH,2031.1,2031.1,144.2,0.0
No Official Name Or Unknown TH,2036.5,2036.5,144.5,5.4
No Official Name Or Unknown TH,2036.5,2036.5,144.5,0.0
Pleasant Pond Lean-to,2036.8,2036.8,144.5,0.3
Pleasant Pond Road TH,2037.0,2037.0,144.5,0.2
No Official Name Or Unknown TH,2042.8,2042.8,144.9,5.8
Bald Mountain Brook Lean-to,2045.4,2045.4,145.1,2.6
Moxie Bald Lean-to,2049.4,2049.4,145.3,4.0
Horseshoe Canyon Lean-to,2058.4,2058.4,145.8,9.0
Shirley-Blanchard Road TH,2061.2,2061.1,146.0,2.8
Pleasant Road TH,2064.2,2064.2,146.2,3.0
Monson  ME 04464,2064.6,2064.6,146.2,0.5
ME 15 TH,2067.5,2067.5,146.4,2.9
SR 6,2067.5,2067.5,146.4,0.0
Leeman Brook Lean-to,2070.6,2070.6,146.6,3.0
Wilson Valley Lean-to,2078.0,2078.0,147.0,7.4
Long Pond Lean-to,2082.7,2082.7,147.3,4.7
Cloud Pond Lean-to,2086.5,2086.5,147.6,3.8
Chairback Gap Lean-to,2093.0,2093.0,148.0,6.5
West Branch Pleasant River TH,2097.5,2097.4,148.2,4.4
West Branch Pleasant River TH,2097.5,2097.5,148.2,0.0
Carl A. Newhall Lean-to,2102.9,2102.9,148.6,5.4
Logan Brook Lean-to,2109.8,2109.8,149.0,6.9
East Branch Lean-to,2113.4,2113.4,149.2,3.6
Kokadjo  B Pond Road TH,2118.1,2118.1,149.5,4.7
Cooper Brook Falls Lean-to,2121.5,2121.5,149.7,3.4
Jo Mary Road TH,2125.2,2125.2,149.9,3.8
Potaywadjo Spring Lean-to,2133.0,2133.0,150.4,7.7
No Official Name Or Unknown TH,2140.2,2140.2,150.8,7.2
Wadleigh Stream Lean-to,2143.0,2143.0,151.0,2.8
logging rd n of nesuntabunt mt TH,2146.0,2146.0,151.2,3.0
Pollywog Stream TH,2148.4,2148.4,151.3,2.4
Rainbow Stream Lean-to,2150.8,2150.8,151.5,2.4
Hurd Brook Lean-to,2161.8,2161.7,152.1,10.9
Golden Road TH,2165.0,2165.0,152.3,3.3
Golden Road TH,2165.1,2165.1,152.3,0.1
Abol Bridge Campground Store TH,2165.3,2165.3,152.4,0.2
Millinocket  ME 04462,2165.4,2165.4,152.4,0.1
No Official Name or Unknown TH,2165.8,2165.8,152.4,0.4
Daicy Pond Campground Day Use Parking TH,2172.8,2172.8,152.8,7.0
Grassy Pond TH,2174.3,2174.3,152.9,1.5
Katahdin Stream Cg Shelter  No.7,2175.0,2175.0,152.9,0.8
The Birches Lean-to No. 1,2175.1,2175.0,152.9,0.0
The Birches Lean-to No. 2,2175.1,2175.1,152.9,0.0
Katahdin Stream Campground Day Use Parking Lot TH,2175.1,2175.1,153.0,0.0
Mt Katahdin,2180.0,2180.0,153.2,4.9